id,turn,generated_response
393,6,Example:
393,7,"The real issues should be at the forefront of our minds, not who ate what for breakfast."
393,8,I totally agree. It's all about the glitz and glam in the media.
393,9,"Yeah, but at the end of the day, they're just people too."
393,10,"True, but they have more resources and attention than the average person."
393,11,"Exactly, and that attention can sometimes distract from more pressing matters."
393,12,It's like we're being entertained while the world is falling apart.
393,13,I know what you mean. It's a delicate balance between enjoying some escapism and staying grounded.
393,14,Sometimes I wish I could just switch off the news and live in ignorance.
393,15,But ignorance isn't bliss. We need to be aware and informed.
394,6,Example:
394,7,Context:
394,8,Do you remember when Thornton and Jolie were together?
394,9,"Yes, it was quite the headline-maker. What did you think about Thornton's feelings of inadequacy with Jolie?"
394,10,"Very interesting, especially given that he is so much older than she is."
394,11,"It is intriguing, isn't it? Age differences in relationships can bring about unique dynamics and challenges."
394,12,"Yes, I would expect the younger person to have inadequacy issues, not the older one."
394,13,"Target emotion intensity: 2.6666666666666665, Target empathy: 3.0, Target polarity: 0.3333333333333333."
394,14,Expected future responses:
394,15,"It's a common misconception, but the power dynamics can shift in unexpected ways."
396,6,It's crucial that we advocate for better support systems and resources for foster care to ensure that these children don't face the same hardships.
396,7,"The system should prioritize finding permanent, loving homes for kids like these, rather than just temporary solutions."
396,8,That's true. It's important for society to recognize the impact of early trauma and provide the necessary interventions to help these children heal and thrive.
396,9,I completely agree. It's heartbreaking to think about the potential these kids have if they just receive the right kind of support and guidance.
396,10,"Absolutely, foster care should be a path to stability and growth, not a revolving door of uncertainty and neglect."
396,11,"We need to invest in training and support for foster parents, so they can provide the love and structure these children desperately need."
396,12,"That's a great point. It's not just about finding homes, but also ensuring that the homes are equipped to handle the challenges these kids bring with them."
398,6,Example:
398,7,"It's a tough situation for him, but I believe he's been working on it for a while now."
398,8,"Absolutely, and it's also important to remember that celebrities often face unique pressures."
398,9,"True, the public eye can be quite unforgiving, and the paparazzi can make it even more challenging."
398,10,"That's a good point. It's crucial for us to focus on the issues that matter, rather than indulging in gossip."
398,11,"Indeed, the focus should be on his professional growth and well-being."
398,12,"I'm sure he's also receiving support from his close circle, which can be very helpful."
398,13,"Definitely, having a strong support system is essential, especially for someone in his position."
398,14,It's also worth noting that many people feel similarly at some point in their lives.
398,15,That's true. Feeling like you're not enough is a common human experience.
402,6,Example:
402,7,"I think they both had to deal with a lot of public scrutiny, which can put a strain on any relationship."
402,8,"True, but it seems like they were able to support each other through it all."
402,9,It's admirable how they handled their personal issues in a way that respected their privacy.
402,10,It must have been challenging for them to maintain their careers while managing their relationship.
402,11,"Definitely, but they both seemed to have a strong foundation to weather any storm."
402,12,Their friendship also appears to be based on mutual respect and understanding.
402,13,"They have a long history together, which probably helped them navigate their relationship dynamics."
402,14,I wonder if their relationship influenced their acting careers in any way.
402,15,"It's possible, but I think they were able to keep their personal lives separate from their professional work."
403,6,Example:
403,7,"It's heartening to see someone turn their painful experiences into a force for good, offering support and understanding to those who might feel alone in their struggles."
403,8,"Absolutely, it's a testament to the human spirit's resilience and capacity for compassion, even in the face of adversity."
403,9,I've always admired people who can rise above their circumstances and make a positive impact on the world.
403,10,"It's inspiring to hear stories like Sheldon's, reminding us that hope and kindness can emerge from even the darkest situations."
403,11,It makes me reflect on how we can all learn from his experiences and strive to create a more supportive and understanding society for those who have been through similar challenges.
403,12,"I believe it's crucial for us to acknowledge the systemic issues that lead to situations like Sheldon's, and work towards addressing them."
403,13,"By doing so, we can help prevent others from having to endure the pain and hardship that Sh"
404,6,The conversation should reflect a nuanced understanding of the couple's relationship dynamics as portrayed in the article.
404,7,"Yes, it's fascinating how they manage to navigate their fame and personal lives, especially when their children are involved."
404,8,"Absolutely, and considering the children's ages, it's a delicate balance between privacy and public exposure."
404,9,"Indeed, it must be challenging for them to ensure their children feel secure and not overwhelmed by the attention."
404,10,"That's true, and it raises questions about the impact of such a high-profile lifestyle on their kids' development."
404,11,"Definitely, the article hints at the couple's efforts to shield their children from the media's glare, which is commendable."
404,12,"It's also interesting to consider how they communicate as a couple, given the constant scrutiny from the public and media."
404,13,"Yes, their relationship seems to be a tightly kept secret, which is quite remarkable in this age of social media."
404,14,The
412,6,Example:
412,7,Context:
412,8,What did you think about the article regarding the situation in Burma and the criticism of Aung San Sui Kyi's response to it?
412,9,"I was initially bored, but as I read on, shocked."
412,10,It's understandable to feel shocked by the severity of the situation and the allegations of abuse. The humanitarian aspect is deeply concerning.
412,11,It's repeated violence by Muslims.
412,12,"The cycle of violence, affecting all parts of the community, including the Rohingyas, is indeed troubling. It raises important questions about long-term solutions for peace."
412,13,"Target emotion intensity: 1.6666666666666667, Target empathy: 3.0, Target polarity: 1.3333333333333333."
412,14,Expected future responses:
412,15,It's a complex issue with deep historical roots that require nuanced understanding and approaches.
413,6,"Do not output Turn 0, Turn 1, Turn 2, Turn 3, Turn 4, and Turn 5."
413,7,"It's a complex situation, and it's hard to know what the best course of action is, especially when it involves human rights and the safety of so many people."
413,8,"Yes, it's a difficult balancing act between respecting national sovereignty and advocating for human rights."
413,9,"It's unfortunate that the military has such a strong influence, especially in a country that's transitioning towards democracy."
413,10,"I agree, it's a challenging situation. The international community has a role to play in supporting democratic transitions and advocating for human rights."
413,11,"It's a delicate situation, and it's important to consider the historical and cultural context as well."
413,12,"Absolutely, understanding the complexities of the situation is crucial for any meaningful dialogue or action."
413,13,It's a reminder that progress towards democracy and human rights can be slow and fraug
416,6,Do not include any explanations or other words.
416,7,Solution:
416,8,"The sheer callousness of the act is chilling, and it's a stark reminder of the importance of protecting our children."
416,9,It's a wake-up call for parents everywhere to ensure their home environments are as safe as possible.
416,10,I can't help but feel a sense of urgency to advocate for better child safety measures in our communities.
416,11,This tragedy should spur us to reevaluate the effectiveness of current safety protocols and consider improvements.
416,12,It's crucial that we support and educate parents on the various risks that children might face in their own homes.
416,13,We must also ensure that our children are equipped with the knowledge and skills to protect themselves if necessary.
416,14,The role of community awareness and engagement in preventing such incidents cannot be overstated.
416,15,Perhaps this is a moment to reflect on the kind of society we want to build and the values we want to instill in our
417,6,Example:
417,7,I can't help but feel a deep sense of sorrow for the victims and their families.
417,8,The bravery of the first responders who risked their lives is truly commendable.
417,9,It's a stark reminder of the importance of security measures to prevent such tragedies.
417,10,I'm troubled by the thought of how such a heinous act could happen.
417,11,The community's resilience in the face of such adversity is both inspiring and heart-wrenching.
417,12,It's crucial that we support the victims' families and ensure they receive the help they need.
417,13,The incident raises questions about the effectiveness of our current security protocols.
417,14,It's disheartening to think about the potential for such a crime in our own backyard.
417,15,I'm concerned about the long-term impact this event will have on the community's sense of safety.
419,6,Example:
419,7,"Absolutely, it's a stark reminder of the importance of community vigilance and support."
419,8,"Yes, and it also highlights the need for comprehensive social services to help at-risk individuals."
419,9,It's distressing to think that someone could feel so isolated and desperate that they would resort to such drastic measures.
419,10,"Indeed, it really brings to light the complexities of mental health issues and the necessity for accessible care."
419,11,It's a tragic situation that underscores the need for early intervention and education on recognizing the signs of distress in loved ones.
419,12,"Absolutely, and it's important to foster a community environment where people feel safe to reach out for help without fear of judgment."
419,13,The story also raises questions about the effectiveness of our current approaches to preventing such tragedies.
419,14,"Yes, and it's a stark reminder of the importance of community vigilance and support."
419,15,"Absolutely, it'"
421,6,Example response:
421,7,"The mention of a ""surrogate son"" could be referring to the idea that some perpetrators might feel they're protecting or representing their own interests, rather than seeing the victims as individuals."
421,8,"It's horrifying to think that someone could be so detached from human empathy, treating others as mere pawns in their own twisted game."
421,9,This disconnect is what makes such acts of violence so chilling; the perpetrators often rationalize their behavior in ways that strip away any sense of morality.
421,10,"It's a grim reminder that evil can exist in the human psyche, and it's not always a matter of upbringing or circumstance."
421,11,"Understanding the root causes of such behavior is crucial, but it doesn't make the violence any less tragic or unacceptable."
421,12,The societal and psychological factors that lead to such atrocities are complex and deeply troubling.
421,13,"While it's important to explore these factors, we must also"
422,6,Example:
422,7,Context:
422,8,What did you think about the story of Shelton and his brothers growing up in the foster care system?
422,9,The article makes me very sad and very angry simultaneously.
422,10,It's definitely a heart-wrenching story. It's hard not to feel both of those emotions when you see how their lives were impacted from such a young age.
422,11,In many respect the story is a microcosm of everything that is wrong with the system in place today.
422,12,"Absolutely, it highlights the deep flaws in both the foster care and the prison systems, and how they often become interconnected in such damaging ways for individuals and families."
422,13,"Target emotion intensity: 3.5, Target empathy: 3.0, Target polarity: 2.0."
422,14,Expected future responses:
422,15,"It's a system that often fails those who need it the most, leaving them with little hope for a better future."
423,6,Example:
423,7,Context:
423,8,What did you think about Shelton's journey and the challenges he faced growing up through the foster system and his time in prison?
423,9,I was happy that he turned his life around. But I wish he didn't have to and that he'd had a better childhood.
423,10,It's incredibly moving how Shelton transformed his struggles into a force for good. It's a harsh reminder of how critical a stable and supportive childhood is for everyone.
423,11,I do wish the article could have delved deeper into some aspects. It seemed to place the onus on the foster care system instead of Shelton's mom and subsequently her kids.
423,12,"That's an interesting perspective. It does highlight the complexity of these situations, where personal responsibility intersects with systemic issues. The balance between individual and systemic factors can be hard to navigate in storytelling."
423,13,"Target emotion intensity: 3.0, Target empathy: 2.0, Target polarity: 1.0."
423,14,Expected future responses:
426,6,"Do not output Turn 0, Turn 1, or Turn 2."
426,7,Solution:
426,8,It's heartbreaking to think about the long-term impact of such experiences on a child's development and well-being.
426,9,I can't help but feel a deep sense of compassion for children who go through such challenging circumstances.
426,10,"It's a stark reminder of how crucial stable, loving homes are for the healthy growth of a child."
426,11,I wonder what kind of support systems are in place to help these children rebuild their sense of security and belonging.
426,12,"The resilience and strength these children show, even after such adversity, is truly inspiring."
426,13,"Society has a responsibility to provide a nurturing environment for all children, regardless of their background."
426,14,I believe that fostering awareness and compassion in our communities can lead to better outcomes for these kids.
426,15,It's important to advocate for policies that protect and support children in the foster care system.
427,6,Remember to use the format: Turn X: [your utterance here]
427,7,Example:
427,8,It's a reminder of how interconnected our world is and how events in one region can have ripple effects globally.
427,9,"Indeed, the international community needs to pay more attention to these issues and take action to support the people of Burma."
427,10,"The plight of the Rohingya Muslims is particularly heartbreaking, as they face persecution and violence on a daily basis."
427,11,"It's important to raise awareness about the human rights abuses and displacement happening in Burma, so that more people understand the severity of the situation."
427,12,"I agree, we need to hold the Burmese government accountable for their actions and advocate for the rights of the Rohingya people."
427,13,The international community should provide humanitarian aid to those affected by the crisis and work towards a long-term solution that addresses the root causes of the conflict.
427,14,"Absolutely, it's crucial to support organizations that are working on the"
428,6,Example:
428,7,"Absolutely, it's a testament to resilience and the human capacity for change."
428,8,It makes me think about the importance of support systems and mentorship in breaking the cycle of negativity.
428,9,I agree. It's incredible how a person's circumstances can drastically change when they receive the right kind of guidance.
428,10,It also emphasizes the need for reform in the systems that often fail to provide that support.
428,11,"Indeed, and it's a reminder that with the right interventions, individuals can overcome their pasts and contribute positively to society."
428,12,This story also raises awareness about the complexities within the foster care system and the need for compassionate care.
428,13,"Yes, it's crucial that we advocate for policies that prioritize the well-being and development of these vulnerable youths."
428,14,I think it also highlights the role of education in empowering individuals to break free from the constraints of their circumstances.
428,15,Turn
432,6,But it's important to note that Aung San Suu Kyi's situation has become increasingly complicated due to her party's handling of the Rohingya crisis.
432,7,Many international observers are deeply concerned about the reports of human rights abuses against the Rohingya people.
432,8,"The military's actions in Rakhine State have been widely condemned, and there are calls for accountability and justice."
432,9,The international community has been urging Burma to uphold human rights standards and to ensure the safe return of displaced Rohingya refugees.
432,10,"Despite the challenges, Aung San Suu Kyi remains a symbol of hope for democracy in Burma, and there are efforts to engage with her government on human rights issues."
432,11,"It's crucial for the global community to continue monitoring the situation in Burma and to support initiatives that promote peace, stability, and the protection of human rights."
432,12,The ongoing crisis in Burma underscores the need for international solidarity and cooperation in
433,6,Example:
433,7,"I agree, it's hard to believe someone could do such a thing to their own child."
433,8,"Yes, and the fact that they tried to cover it up is just appalling."
433,9,It's really heartbreaking to think about the impact on the family and the community.
433,10,I can't imagine the guilt and shame the parents must feel.
433,11,It's important to remember that these are real people with real emotions and pain.
433,12,It's a stark reminder of the darkness that can exist within us.
433,13,"Yes, it's a sobering thought that someone could be capable of such violence."
433,14,It's crucial to support and care for those who have experienced such tragedies.
433,15,"Absolutely, we should show empathy and understanding towards them."
438,6,Example:
438,7,"I understand, and it's crucial to prioritize your well-being."
438,8,"If you need someone to talk to, I'm here for you."
438,9,Have you considered speaking to a professional who can provide support?
438,10,It's okay to take a step back and focus on healing.
438,11,"Remember, your feelings are valid, and it's okay to ask for help."
438,12,"You've been through a lot, and it's important to acknowledge that."
438,13,"It's brave of you to share your story, and I admire your strength."
438,14,Your experience is a reminder of the importance of empathy and understanding.
438,15,I hope you find the peace and support you need.
439,6,Solution:
439,7,It's important for the media to handle such sensitive cases with the utmost care and respect for the victims and their families.
439,8,"Absolutely, the way these stories are reported can have a significant impact on the healing process of those affected."
439,9,"The criminal justice system should be able to provide some closure, but the media often seems to focus on sensational aspects."
439,10,"I agree, and it's also crucial to investigate the underlying reasons behind such violent acts to prevent them from happening again."
439,11,"Yes, understanding the motivations and backgrounds of the perpetrators can help in creating effective prevention strategies."
439,12,It's also a sad reminder of how society's fascination with celebrity culture can sometimes overshadow the real-life consequences of violence.
439,13,"The role of the media in shaping public perception is immense, and with that power comes the responsibility to report responsibly."
439,14,"Indeed, sensationalism can lead to unwarranted glorification of such acts, which is something we should all"
442,6,Example:
442,7,"The trauma she endured must be unbearable, and it's essential for us to rally behind her and others who've suffered like her."
442,8,It's crucial for society to acknowledge the impact of such events and work towards preventing them in the future.
442,9,"The courage it takes to speak out about such experiences is monumental, and we must ensure that survivors receive the support and justice they deserve."
442,10,We have a responsibility to create a world where no one has to live in fear of being harmed in their own home.
442,11,It's a stark reminder of the importance of mental health support for those affected by such traumatic events.
442,12,"As a community, we need to come together to offer a helping hand and a listening ear to those who need it most."
442,13,Let's use this as a catalyst for change and strive to make our neighborhoods safer for everyone.
442,14,It's time to take action and advocate for stronger measures to protect individuals and families from
443,6,Example:
443,7,The situation calls for immediate international attention and action to address the human rights violations.
443,8,It's disheartening to see such a lack of empathy towards the suffering of innocent people.
443,9,The international community must hold the Burmese government accountable for their actions.
443,10,We need to support organizations working on the ground to provide aid and assistance to the affected communities.
443,11,The Rohingya people deserve justice and a safe place to call home.
443,12,It's important to raise awareness about the ongoing crisis and its impact on the lives of the Rohingya people.
443,13,We should encourage our governments to take a stand and push for a peaceful resolution to the conflict.
443,14,The situation in Burma is a stark reminder of the urgent need for human rights protections worldwide.
443,15,It's crucial to listen to the voices of the Rohingya people and their advocates in finding a solution.
444,6,Example:
444,7,The statistics on domestic violence are alarming and it's a serious issue that needs attention and action.
444,8,"I've read about similar cases where the authorities failed to intervene in time, which is incredibly distressing."
444,9,It's important for society to create a safe environment where victims can come forward without fear of retribution or judgment.
444,10,Education and awareness programs are crucial in helping to prevent such tragedies and empower individuals to seek help.
444,11,It's a wake-up call for all of us to take a stand against violence in any form and support survivors in their healing journey.
444,12,I believe that fostering a culture of empathy and respect can go a long way in combating the normalization of abuse.
444,13,"The courage it takes for someone to speak out against abuse should be acknowledged and celebrated, not stigmatized."
444,14,We must advocate for stronger laws and policies that protect victims and hold perpetrators accountable for their actions.
445,6,Solution:
445,7,"It's a reminder that evil exists in the world, but it's important to remember that it's not the norm for any society."
445,8,"Absolutely, I agree. It's a tragedy that such acts of violence can occur, especially within families."
445,9,I can't help but think about the impact this will have on Amanda's life and her ability to trust others.
445,10,It's heartbreaking to consider the long-term psychological effects this could have on a child.
445,11,"Indeed, it's a stark illustration of the potential for darkness within us, even in those we are supposed to love and protect."
445,12,It also raises questions about the support systems in place for families in crisis and the preventative measures that could be taken.
445,13,I wonder if there are any intervention programs or therapies that could help families like Amanda's before a situation escalates to such a tragedy.
445,14,This case underscores the importance of mental health resources and the need
460,6,Do not output Turn 1 and Turn 2.
460,7,Do not output any other information.
460,8,Example:
460,9,Context:
460,10,I feel very angry about the incident.
460,11,It's truly heartbreaking to see innocent lives lost.
460,12,"Yes, it's shocking and it makes me feel very upset."
460,13,"Target emotion intensity: 3.0, Target empathy: 2.0, Target polarity: 1.0."
460,14,Expected future responses:
460,15,I completely understand your anger; it's a natural reaction to such a devastating event.
462,6,Example:
462,7,"It's alarming that despite all the technology we have, there are still incidents like this that happen."
462,8,"Yes, and it's not just about technology. There's also a lack of awareness and training that can contribute to such accidents."
462,9,"True, companies need to invest more in safety training and ensure that their employees are well-versed in emergency procedures."
462,10,I completely agree. It's not enough to have safety measures in place; employees need to be educated on how to respond effectively in case of an emergency.
462,11,"Absolutely, and regular drills should be conducted to keep everyone prepared for any unforeseen events."
462,12,"Additionally, there should be strict enforcement of safety protocols and consequences for non-compliance to ensure that everyone takes them seriously."
462,13,I also think there should be a system in place to gather feedback from employees about safety concerns so that potential hazards can be identified and addressed proactively.
462,14,"Yes, creating a culture of safety where everyone feels responsible for"
463,6,Example:
463,7,I hope they can find a peaceful resolution soon.
463,8,It's a tragedy that it had to escalate to this level.
463,9,The impact on the local population must be devastating.
463,10,It's important for the international community to provide support.
463,11,The long-term consequences of such violence are concerning.
463,12,It's heartbreaking to think about the children affected by this.
463,13,I wish there was a way to prevent such conflicts from happening.
463,14,It's a stark reminder of the fragility of peace in the region.
463,15,We must advocate for diplomatic solutions to avoid further bloodshed.
466,6,Do not output Turn 0.
466,7,Example responses:
466,8,"I think there should be strict regulations in place, especially in areas where children are present."
466,9,"Yeah, like designated smoking areas far enough away from playgrounds and schools."
466,10,"It's about finding a balance between personal freedom and public health, I guess."
466,11,"Some might argue that it's an infringement on personal choice, but the wellbeing of children takes precedence."
466,12,Education about the dangers of second-hand smoke could also play a big role in preventing harm to kids.
466,13,"Absolutely, teaching parents and children about the risks involved can make a significant difference."
466,14,"Maybe there could be campaigns to raise awareness on the issue, especially in communities where smoking is prevalent."
466,15,"That's true, and perhaps incentives for quitting smoking could be introduced, to help people who want to quit but need support."
467,6,Example:
467,7,"It's important to consider the health benefits for everyone, especially children, who could be affected by secondhand smoke."
467,8,"Absolutely, children are more vulnerable to the harmful effects of tobacco smoke, which can lead to serious health issues."
467,9,"Plus, smoking in public spaces can discourage smokers from quitting and also sends a message that smoking is an acceptable behavior."
467,10,"I agree, it's crucial to create a healthy environment for all members of the community, and banning smoking in public parks is a step in the right direction."
467,11,"Additionally, it can help reduce the exposure of non-smokers, including pregnant women and children, to the harmful chemicals in tobacco smoke."
467,12,"Definitely, it's a matter of public health and safety. The benefits of a smoke-free environment outweigh any inconvenience for smokers."
467,13,I think it's also a matter of respect for others who may not want to be exposed to smoke. It
470,6,Example:
470,7,"Yes, I think it's a matter of personal choice, but public health should take priority."
470,8,"Absolutely, and smoking bans have been shown to reduce smoking rates and protect non-smokers."
470,9,"I understand the importance of personal freedom, but the health risks associated with secondhand smoke are too significant to ignore."
470,10,"It's a difficult balance, but I believe there should be designated smoking areas that are well-ventilated and away from non-smokers."
470,11,"I agree, as long as there are proper measures in place to minimize the exposure of non-smokers to secondhand smoke."
470,12,"While I understand the concern for personal freedom, we need to prioritize the health and well-being of the general population."
470,13,"I think it's crucial to educate people about the dangers of smoking and secondhand smoke, so they can make informed choices."
470,14,"Education is key, but ultimately, the government has a responsibility to protect public health and enforce"
473,6,Example:
473,7,I'm glad that authorities are taking these crimes seriously and holding people accountable for their actions.
473,8,"It's a reminder that we need to be vigilant about protecting all living beings, including animals, from cruelty."
473,9,"Absolutely, it's important to recognize the warning signs and intervene when we see harm being inflicted."
473,10,"That's true, and it's also a call for stronger laws and enforcement to prevent such heinous acts."
473,11,I couldn't agree more. We must ensure that justice is served and that perpetrators are held accountable.
473,12,"It's unfortunate that some people lack empathy and compassion for others, whether they're human or animal."
473,13,"Yes, it's a sad reality, but it's crucial that we continue to raise awareness and advocate for change."
473,14,"Absolutely, we must stand up against cruelty in all its forms and work towards a more compassionate society"
474,6,Example:
474,7,It's horrifying to think that the poor creature was likely distressed before its unfortunate passing.
474,8,"In hindsight, it's a tragedy that such an innocent life was met with such a cruel act."
474,9,It's a stark reminder of the need for compassion towards all living beings.
474,10,I believe that we must always strive to protect and respect the lives of animals.
474,11,The cruelty of the act is something that can truly shake one's sense of peace.
474,12,It's distressing to think about the suffering that animal endured.
474,13,We need to ensure that animals are treated with kindness and understanding.
474,14,"The dance of the flamingo, often a joyful expression, can be marred by such cruelty."
474,15,It's essential to educate others on the importance of animal welfare.
475,6,Example:
475,7,"It's really a complex issue, but I think addressing underlying mental health problems could be key."
475,8,"Absolutely, mental health support systems are so important and often overlooked."
475,9,"Yeah, and maybe also understanding the individual's background and triggers that led to the act."
475,10,"True, that's a crucial part of prevention and intervention strategies."
475,11,I've read that some places are starting to offer more comprehensive mental health services.
475,12,That's good to hear. It's about time we prioritize mental health on a societal level.
475,13,"Definitely, and it's also about creating a culture where seeking help isn't stigmatized."
475,14,"Agreed, and education plays a big role in that."
475,15,Education can indeed change perceptions and encourage early intervention.
476,6,Example:
476,7,I can't believe someone would do something so cruel to an innocent animal
476,8,It's heartbreaking to see animals suffer like that
476,9,The park should have better security measures in place to prevent such incidents
476,10,I hope the authorities take swift action against Mr. Corrao for his actions
476,11,It's a shame that people can't respect the boundaries set for the animals' safety
476,12,I feel sad for the flamingo and the other animals in the park
476,13,This incident highlights the need for stricter regulations in zoos and wildlife parks
476,14,I wonder if there are any legal consequences for Mr. Corrao's actions
476,15,It's important for people to understand the importance of treating all living beings with kindness and respect
477,6,Example:
477,7,"The cruelty is unimaginable, and it's heartbreaking to see such a defenseless creature suffer."
477,8,It's a stark reminder of the importance of respecting all living beings and the consequences when we don't.
477,9,I can't even begin to comprehend the pain and fear Pinky must have experienced in those moments.
477,10,It's a tragic incident that highlights the need for stricter laws and better enforcement to protect animals.
477,11,It's appalling to think that someone could act with such callousness and disregard for life.
477,12,I hope that this serves as a wake-up call for people to be more mindful and responsible towards animals.
477,13,It's truly a heart-wrenching story that reminds us of the fragility of life and the cruelty that exists in the world.
477,14,Let's hope that this incident leads to greater awareness and stricter measures to prevent such atrocities from happening again.
479,6,Example:
479,7,The government should ensure they are doing everything they can to restore the river and support the affected communities.
479,8,"I'm glad to hear that there are plans in place for the river's restoration, but the long-term impact on the fishermen's way of life is still uncertain."
479,9,"The environmental damage caused by the dam disaster is devastating, and it's crucial that efforts are made to prevent similar incidents in the future."
479,10,It's heartbreaking to think about the loss of the natural habitat and the impact on the local wildlife as well.
479,11,"The compensation offered to the affected families is a start, but it's important that they receive ongoing support to rebuild their lives and livelihoods."
479,12,The government should also consider providing mental health support for those who have experienced such a traumatic event.
479,13,I hope that the affected communities are given the resources and assistance they need to recover from this disaster.
479,14,It's a stark reminder of the importance of proper safety
484,6,Example:
484,7,It's truly heartbreaking to hear about the long-term effects on the health and livelihoods of the people living there.
484,8,"The scale of the environmental damage is equally concerning, with the potential for long-term ecological consequences."
484,9,I'm deeply saddened by the loss of life and the impact on the local community.
484,10,It's important for the government and responsible parties to take accountability and ensure that measures are taken to prevent such disasters in the future.
484,11,The situation in Brazil highlights the need for stronger environmental regulations and safety protocols in mining operations.
484,12,I hope that the affected communities receive the support and resources they need to rebuild their lives and restore their environment.
484,13,It's a stark reminder of the importance of prioritizing sustainable development and protecting our natural resources.
484,14,The tragedy in Brazil underscores the urgent need for stricter oversight and enforcement of environmental laws.
484,15,I believe that the
485,6,"Make sure your responses are in line with the given context, and keep the emotion intensity, empathy, and polarity within the specified ranges."
485,7,"Additionally, ensure that each utterance includes at least one statistical fact related to the disaster, one suggestion for improvement or mitigation, and one question to the user about their opinion or experience with similar environmental issues."
485,8,Example:
485,9,"According to reports, over 250 people were affected by the disaster, which really highlights the scale of the tragedy. What measures do you think could have been implemented to prevent this?"
485,10,"It's estimated that the disaster has led to the death of thousands of fish, which is devastating for the local ecosystem. Do you have any thoughts on how communities can recover from such an ecological loss?"
485,11,"The river water's heavy metal concentration was found to be 10 times the safe limit, posing serious health risks. What steps should authorities take to ensure the safety of the affected population?"
485,12,"In the aftermath, the government promised to provide financial compensation, but many are skeptical about the"
487,6,Example:
487,7,It's essential that the mining company is held accountable for their negligence.
487,8,The residents of the area are rightfully upset and deserve support during this difficult time.
487,9,"Regular inspections and maintenance are non-negotiable for any infrastructure, especially one as critical as a dam."
487,10,The environmental damage caused by the disaster will have long-lasting effects on the region.
487,11,It's crucial that the company takes responsibility and invests in better safety measures to prevent such tragedies in the future.
487,12,"The impact on the community's health and well-being cannot be overlooked, and they need adequate resources for recovery."
487,13,It's a reminder of how important it is for companies to prioritize the safety and well-being of the people and environment over profits.
487,14,The government should also play a role in ensuring that companies adhere to strict safety regulations.
487,15,The aftermath of this disaster highlights
489,6,Do not include Turn numbers in your output.
489,7,Example response:
489,8,It's heartbreaking to think about the innocent lives lost and the suffering they endured.
489,9,"I completely agree, the tragedy of these events cannot be understated."
489,10,I've read that the demand for palm oil is linked to the deforestation and loss of biodiversity in these regions.
489,11,"That's a disturbing reality, and it highlights the complexity of our global economy."
489,12,It makes me wonder about the choices we make as consumers and their impact on the world.
489,13,It's important to be aware and seek out sustainable alternatives to products that contribute to such destruction.
489,14,"Yes, every little bit helps when it comes to reducing our carbon footprint and protecting the environment."
489,15,I think it's crucial for companies to be transparent about their sourcing and to take responsibility for their actions.
490,6,Do not include any other text or explanation.
490,7,Example:
490,8,It's incredibly disheartening to think that we might not be able to reverse the damage we've caused to our planet.
490,9,"The irony is that while we're arguing about the best approach, the effects are already being felt by the most vulnerable populations."
490,10,"I've been reading about alternative energy sources, but it feels like we're too late to make a significant impact."
490,11,It's not just about the environment; it's about the legacy we're leaving for future generations.
490,12,"We keep talking about innovation, yet we're still clinging to outdated, destructive practices."
490,13,I've seen documentaries that show the stark contrast between the lush forests and the barren landscapes due to deforestation.
490,14,The loss of biodiversity is another critical issue; each species that goes extinct could hold the key to medical breakthroughs.
490,15,It's frustrating to see corporations
492,6,Solution:
492,7,It's unbelievable that the law doesn't seem to apply when it comes to animal welfare.
492,8,"Absolutely, it's a clear sign that the system is failing these innocent creatures."
492,9,"And it's not just about Nosey, there are so many other animals suffering the same fate."
492,10,It's a sad reflection of our society's priorities and values.
492,11,I can't help but feel anger and helplessness at the situation.
492,12,This should serve as a wake-up call for stronger enforcement of animal protection laws.
492,13,We need to raise awareness and push for change to prevent more animals from enduring such cruelty.
492,14,It's a matter of standing up for those who cannot speak for themselves.
492,15,I'm ready to support any initiatives or organizations that are working to improve the lives of animals like Nosey.
493,6,Example:
493,7,I hope they can find a solution to the crisis soon
493,8,It's important for everyone to understand the impact of our actions on wildlife
493,9,"Yes, I've been trying to raise awareness about it in my community"
493,10,I think it's crucial to support conservation efforts
493,11,We can all make a difference by making sustainable choices
493,12,I'm glad that people are starting to pay attention to the issue
493,13,"Absolutely, and we need to hold governments accountable for protecting these animals"
493,14,"Yes, I hope more people will join the cause and help save the elephants"
493,15,I've been looking into volunteering for an organization that works with elephants
494,6,Solution:
494,7,It's a tragic example of how legal systems can sometimes fail to protect those who can't speak for themselves.
494,8,"Absolutely, and it raises questions about the ethical responsibilities of pet ownership."
494,9,"Indeed, it also brings attention to the need for more comprehensive animal welfare laws."
494,10,"I agree, and it's important that we, as a society, take a stand against animal cruelty."
494,11,"It's heartbreaking to think about Nosey's suffering, but it's a wake-up call for change."
494,12,I think public awareness and pressure are key in pushing for reforms in such cases.
494,13,"Definitely, and I hope Nosey's story leads to better protection for all animals in the future."
494,14,It's unfortunate that it took such a sad story to bring this issue to light.
494,15,Let's hope that Nosey's case inspires others to advocate for the rights of
497,6,Ensure each response stays on topic and aligns with the given context and emotional indicators.
497,7,Example:
497,8,"It's a tragedy when anyone's life is cut short, especially in such a high-risk profession."
497,9,"Yes, and it's even more poignant when it's a pioneer like the first female pilot in their force."
497,10,The courage she must have shown to pursue such a career despite the risks is commendable.
497,11,"Absolutely, it's a reminder of the dangers that come with being a pilot."
497,12,"Pilots are highly trained to handle emergencies, yet sometimes things go wrong."
497,13,"Indeed, it underscores the importance of continuous support and training for pilots."
497,14,It's heartbreaking to think about her family and friends' grief in this situation.
497,15,"Definitely, the loss of a loved one in such circumstances is devastating for everyone involved."
498,6,Example:
498,7,"It's really a reminder of the risks that come with being a pilot, especially in such challenging conditions."
498,8,"Absolutely, and it also shows the importance of rigorous training and safety protocols to prevent such accidents."
498,9,I wonder if there were any lessons learned from this incident that could help improve safety measures in the future.
498,10,It's tragic that such a dedicated individual had to face this. It must be a heavy burden on her family and friends.
498,11,The article mentioned how Capt. Yu was a role model for many. Her legacy will certainly live on through those she inspired.
498,12,"I agree, her bravery and professionalism are inspiring. It's a shame that her life was cut so short."
498,13,The impact she had on her community and on the field of aviation is immeasurable. We should honor her memory by continuing to pursue excellence in aviation safety.
498,14,It's a sobering reminder of the dangers of flying and the importance of
499,6,Do not include the turn number in the output.
499,7,Example output:
499,8,"The courage and dedication she showed in her career were truly admirable, and it's a heavy loss for the entire aviation community."
499,9,It's heartbreaking to think that such a promising career was cut short by an accident that could have been prevented.
499,10,"As a pilot, she must have been an inspiration to many, especially young women considering a career in aviation."
499,11,The loss of Capt. Yu Xu is not just a personal tragedy but also a setback for women in the military aviation field.
499,12,"I hope her legacy will continue to encourage more women to pursue their dreams in the skies, despite the challenges."
499,13,"It's a stark reminder of the risks that come with flying, and the importance of safety protocols and advancements in technology."
499,14,The aviation community must come together to honor her memory and to push for even safer flying conditions.
499,15,It's crucial that we learn from
500,6,Example:
500,7,It's crucial that we learn from such incidents to improve safety measures and prevent future tragedies.
500,8,"Indeed, and it's important to honor the memory of those like Yu Xu who have made such significant contributions to their fields."
500,9,"They're true heroes, and their legacy should inspire others to pursue their passions, regardless of the challenges they may face."
500,10,"I agree, their achievements deserve recognition, and we must ensure that their stories continue to motivate others."
500,11,"It's a reminder that even in the face of adversity, individuals can achieve remarkable feats and leave a lasting impact."
500,12,"Absolutely, and we owe it to them to continue pushing the boundaries of what is possible and breaking barriers."
500,13,"Their courage and determination are truly inspiring, and we must never forget the sacrifices they make for the betterment of society."
500,14,"I couldn't agree more, their contributions have paved the way for future generations and we must continue to support"
506,6,Example:
506,7,I believe the international community needs to provide more support to ensure their safety and rebuild their lives.
506,8,"Absolutely, it's a crisis that requires urgent attention and humanitarian aid."
506,9,"I agree, the psychological trauma they've endured is immense and long-lasting."
506,10,"It's a complex issue, but we must prioritize the protection of vulnerable populations."
506,11,"The situation calls for a coordinated effort among governments, NGOs, and local communities."
506,12,I think education and awareness campaigns are also crucial in promoting tolerance and preventing future conflicts.
506,13,"Yes, and it's essential to empower the Iraqi Christians to rebuild their communities and preserve their cultural heritage."
506,14,I hope the international community takes swift action to address the challenges they're facing.
506,15,The resilience and strength of the Iraqi Christians should not be overlooked in the face of adversity.
507,6,"Absolutely, it's a reminder that even in our own homes, we must always prioritize the safety of our children."
507,7,"Yes, it's so important to be vigilant and take all necessary precautions to ensure the well-being of our little ones."
507,8,"Definitely, accidents like these can happen in the blink of an eye, and it's our responsibility as parents to create a safe environment for our children."
507,9,It's heartbreaking to think about the impact such a tragedy has on the family and the guard who found the child. It's a stark reminder of how fragile life can be.
507,10,"Absolutely, and it's also a wake-up call for building owners and management to implement stricter safety measures in apartments and other residential buildings."
507,11,"Yes, I agree. It's crucial for building owners to invest in childproofing measures like window locks and safety gates to prevent similar accidents."
507,12,The tragedy also highlights the need
513,6,"Do not output Turns 0, 1, and 2."
513,7,Do not output Turn 5.
513,8,Do not output any other information.
513,9,Example:
513,10,I think the situation there is very dire and it's heartbreaking to see so many families affected.
513,11,"Absolutely, and it's not just the immediate danger but the long-term effects on the children's development."
513,12,"It's a complex issue with no easy solutions, but empathy and understanding are crucial."
513,13,"Definitely, and it's important to recognize the resilience of those who are trying to rebuild their lives."
513,14,"True, the strength and courage of refugees and displaced individuals are often overlooked."
513,15,"Yes, and it's essential to provide support and resources to help them integrate into new communities."
514,6,Example:
514,7,It's truly a testament to the human spirit that they're seeking to rebuild and persevere despite the terror they've faced.
514,8,"But the international community must do more to support these efforts, whether it's through aid, advocacy, or providing a platform for their voices."
514,9,"The resilience of the Iraqi Christians, in particular, is something that inspires hope, even when the situation seems dire."
514,10,The loss of cultural heritage and identity in the face of such violence is a tragedy that goes beyond the immediate physical dangers.
514,11,"There's also the question of how to reconcile with the past and move forward, which is a complex issue for any community that has experienced such loss."
514,12,"Education and cultural preservation are key in ensuring that the next generation understands their history and identity, despite the ongoing threats."
514,13,The role of the media in shaping perceptions and narratives about these conflicts is crucial; responsible journalism can help bring greater awareness and understanding.
514,14,Turn
515,6,Do not output the Turn number.
515,7,"Maintain the same emotion intensity, empathy, and polarity as the target."
515,8,Example:
515,9,Context:
515,10,Helli
515,11,hello
515,12,How about you?
515,13,What did you think of the article?
515,14,I have lot of impression of this article.
515,15,"I found it incredibly enlightening and thought-provoking, shedding light on a complex issue that often gets overlooked."
516,6,Solution:
516,7,The repercussions of the war are still felt today by many.
516,8,It's heartbreaking to think about the long-term impact on civilians.
516,9,The decision to invade must have been based on many complex factors.
516,10,It's unfortunate that the aftermath has been so difficult for the Iraqi people.
516,11,I can't help but feel that the war was a grave mistake.
516,12,The loss of life and the destruction of infrastructure are devastating.
516,13,It's crucial to learn from the past to avoid repeating such errors.
516,14,The political instability that followed has been a major setback.
516,15,The international community needs to take responsibility for its actions.
517,6,Example:
517,7,Context:
517,8,"Hi, what were your thoughts about the challenges faced by Iraqi Christians as described in the article?"
517,9,Aftebeing drive out by the Islamic State? I'm wondering how you go back.
517,10,"It's incredibly hard to imagine returning to a place of such trauma and loss. Rebuilding seems like a daunting task, doesn't it?"
517,11,"It is. When your neighbors turned against you and colluded with the people driving you out, CAN you even go back? How do you let that go?"
517,12,"The sense of betrayal must make the thought of returning even more complicated. Trust is fundamental, and rebuilding that might be harder than rebuilding homes."
517,13,"Target emotion intensity: 1.6666666666666667, Target empathy: 2.333333333333333, Target polarity: 0.5."
517,14,Expected future responses:
517,15,It's a profound journey of
518,6,"Make sure the conversation flows logically, the emotion intensity, empathy, and polarity match the context, and avoid repeating any content from the example."
518,7,Example:
518,8,Context:
518,9,It's really important to have a safe environment for children.
518,10,"Absolutely, and that's why I always lock my windows when they're around."
518,11,"I've heard that too, it's just common sense really."
518,12,"Target emotion intensity: 1.6666666666666667, Target empathy: 1.6666666666666667, Target polarity: 1.3333333333333333."
518,13,Expected future responses:
518,14,"I think it's crucial, especially with all the news about accidents happening."
518,15,"Yes, and it's not just about preventing falls but also ensuring they're not exposed to hazards."
519,6,"Remember to maintain the target emotion intensity, empathy, and polarity."
519,7,Example:
519,8,"The situation seems complicated, but the desire for a peaceful resolution is clear."
519,9,"Yes, and it's important to support efforts that promote understanding and reconciliation."
519,10,I hope the international community can help in finding a lasting solution.
519,11,It's a delicate balance between respecting sovereignty and addressing human rights concerns.
519,12,"True, and the involvement of local leaders could be key in achieving stability."
519,13,There's a need for ongoing dialogue and cooperation to prevent future conflicts.
519,14,"Absolutely, and perhaps the focus should be on building infrastructure for peace and development."
519,15,The situation calls for a comprehensive approach that addresses the root causes of the conflict.
520,6,Solution 1:
520,7,It's really heartbreaking to see innocent people suffer because of their faith.
520,8,"Absolutely, it's a stark reminder of the work we still have to do to promote tolerance and understanding."
520,9,"This kind of violence is a blight on humanity, and it's devastating to witness."
520,10,I feel helpless knowing that these atrocities continue to occur in the world today.
520,11,It's so important to keep raising awareness and advocating for peace and human rights.
520,12,We must stand in solidarity with those who are victims of such senseless violence.
520,13,It's a reminder that we need to do more to protect the vulnerable and uphold justice.
520,14,Every act of kindness and every stand against hatred can make a difference in someone's life.
520,15,"It's a complex issue, but we can't ignore the suffering and must work towards a world where such violence is unthinkable."
521,6,Example:
521,7,"The situation calls for dialogue and understanding, not conflict and division."
521,8,It's heartbreaking to see the impact on families and communities.
521,9,I've read about the work of interfaith organizations trying to bridge the gap between different religious groups.
521,10,It's important for leaders to set an example of tolerance and respect for all faiths.
521,11,Education plays a key role in promoting peace and harmony among diverse religious communities.
521,12,We should encourage initiatives that bring people from different backgrounds together to foster mutual understanding.
521,13,It's crucial to address the root causes of religious and ethnic tensions to prevent such conflicts.
521,14,The media can play a role in highlighting stories of cooperation and peaceful coexistence between different religious groups.
521,15,We can all contribute to creating a more inclusive and tolerant society by challenging stereotypes and prejudices.
522,6,Example:
522,7,Context:
522,8,Hi
522,9,Hey there! How are you feeling after reading about the tragic events in the community?
522,10,"It's disheartening, the way people are suffering and the loss they are facing."
522,11,I completely agree. It's difficult to comprehend the magnitude of their pain. What specific aspect of the community's plight moved you the most?
522,12,The thought of families being torn apart and children growing up without their loved ones.
522,13,"Target emotion intensity: 3.5, Target empathy: 4.5, Target polarity: 1."
522,14,Expected future responses:
522,15,It's truly heartbreaking to hear about the loss of homes and the sense of displacement they must feel.
523,6,Example:
523,7,"That's a great idea, I'm all for supporting those in need."
523,8,We could also raise awareness about the issue to get more people involved.
523,9,"Absolutely, spreading the word is crucial for making a real difference."
523,10,Maybe we could partner with local organizations to ensure the funds are used effectively.
523,11,"Good point, working with those who know the situation best would be wise."
523,12,We should also consider the long-term impact of our contribution.
523,13,"True, ensuring sustainable rebuilding is essential for lasting change."
523,14,It's important to communicate clearly on how the donations will be utilized.
523,15,Transparency will help build trust with potential donors and the community.
525,6,Do not output Turn 0.
525,7,Example:
525,8,"The persecution they face is truly devastating, and it's important for the international community to stand in solidarity with them."
525,9,"Yes, and it's crucial that we raise awareness about their plight to ensure that the world doesn't turn a blind eye to their suffering."
525,10,It's a shame that such a peaceful community is forced to flee their homes and live in fear of violence.
525,11,"Absolutely, and the fact that they are being targeted simply because of their religious beliefs is appalling and unacceptable."
525,12,I can't even begin to comprehend the strength and resilience it takes for these individuals to survive in such dire circumstances.
525,13,"It's a tragedy that their homes and places of worship have been destroyed, leaving them with no safe haven to call their own."
525,14,I'm deeply saddened by the reports of young children being separated from their families and facing an uncertain future.
525,15,The international
526,6,"Ensure the conversation progresses logically and maintains the specified emotion intensity, empathy, and polarity levels."
526,7,I was absolutely heartbroken to read about the atrocities they've faced.
526,8,It's devastating to think about the loss of life and homes.
526,9,The resilience of the Christian community is truly inspiring though.
526,10,It's a stark reminder of the importance of protecting religious freedom.
526,11,"Yes, and the international response to help them rebuild is crucial."
526,12,The article also highlighted the need for better coordination among aid groups.
526,13,"Absolutely, ensuring that help reaches those who need it most is essential."
526,14,"I agree, and I think there's a lot we can learn from how they're starting to rebuild."
526,15,"Definitely, it's a testament to the human spirit's ability to overcome adversity."
530,6,Example response:
530,7,The thought of being forced to choose between my faith and my family is heartbreaking.
530,8,I'm deeply moved by the resilience of those who continue to seek safety and peace in such dire circumstances.
530,9,It's a sobering reminder of how fortunate we are to live in a country where our basic rights are protected.
530,10,The courage of those who risk everything to escape persecution is truly inspiring.
530,11,I hope international efforts continue to provide support and protection to those who are most vulnerable.
530,12,It's important for us to remember the human stories behind the headlines and work towards a more compassionate world.
530,13,We must stand in solidarity with those who are suffering and advocate for their rights and dignity.
530,14,The tragedy of such conflicts underscores the need for dialogue and understanding among different cultures and beliefs.
530,15,I believe that education and awareness are key to breaking the cycle of violence and hatred.
531,6,Example:
531,7,"It's crucial to remember that behind every statistic, there are real human beings with hopes, dreams, and families, just like us."
531,8,"Indeed, and it's heartrending to think about the children who are caught in the middle of this turmoil, their innocence overshadowed by violence."
531,9,We must ask ourselves what we can do to help alleviate their suffering and ensure their safety.
531,10,Supporting organizations that provide aid and advocacy for these communities could be a significant first step.
531,11,Education and awareness are also key in combating the spread of hate and fostering a culture of acceptance and understanding.
531,12,"It's a collective responsibility to stand against such injustices and protect the rights of all individuals, regardless of their background or beliefs."
531,13,"In the face of such adversity, the strength of human compassion and solidarity becomes our greatest weapon against hatred."
531,14,Let's not forget the power of our voices; speaking out against discrimination and
